[
  {"code": "A00", "description": "Cólera"},
  {"code": "A01", "description": "Febres tifóide e paratifóide"},
  {"code": "A03", "description": "Shiguelose"},
  {"code": "A06", "description": "Amebíase"},
  {"code": "A09", "description": "Diarréia e gastroenterite de origem infecciosa presumível"},
  {"code": "A15", "description": "Tuberculose respiratória"},
  {"code": "A15.0", "description": "Tuberculose pulmonar"},
  {"code": "A16", "description": "Tuberculose respiratória"},
  {"code": "A17", "description": "Tuberculose do sistema nervoso"},
  {"code": "A18", "description": "Tuberculose de outros órgãos"},
  {"code": "A19", "description": "Tuberculose miliar"},
  {"code": "A20", "description": "Peste"},
  {"code": "A23", "description": "Brucelose"},
  {"code": "A30", "description": "Hanseníase [lepra]"},
  {"code": "A33", "description": "Tétano neonatal"},
  {"code": "A34", "description": "Tétano obstétrico"},
  {"code": "A35", "description": "Outros tétanos"},
  {"code": "A36", "description": "Difteria"},
  {"code": "A37", "description": "Coqueluche"},
  {"code": "A39", "description": "Infecção meningocócica"},
  {"code": "A40", "description": "Septicemia estreptocócica"},
  {"code": "A41", "description": "Outras septicemias"},
  {"code": "A50", "description": "Sífilis congênita"},
  {"code": "A51", "description": "Sífilis precoce"},
  {"code": "A52", "description": "Sífilis tardia"},
  {"code": "A53", "description": "Outras formas de sífilis"},
  {"code": "A54", "description": "Infecção gonocócica"},
  {"code": "A55", "description": "Linfogranuloma venéreo"},
  {"code": "A56", "description": "Outras infecções clamídias transmitidas por via sexual"},
  {"code": "A57", "description": "Cancro mole"},
  {"code": "A64", "description": "Doença sexualmente transmitida não especificada"},
  {"code": "A68", "description": "Febres recorrentes"},
  {"code": "A71", "description": "Tracoma"},
  {"code": "A75", "description": "Tifo exantemático"},
  {"code": "A80", "description": "Poliomielite aguda"},
  {"code": "A82", "description": "Raiva"},
  {"code": "A83", "description": "Encefalite viral transmitida por mosquitos"},
  {"code": "A86", "description": "Encefalite viral não especificada"},
  {"code": "A90", "description": "Dengue [dengue clássico]"},
  {"code": "A91", "description": "Febre hemorrágica devida ao vírus da dengue"},
  {"code": "A95", "description": "Febre amarela"},
  {"code": "B00", "description": "Infecções pelo vírus do herpes"},
  {"code": "B01", "description": "Varicela"},
  {"code": "B02", "description": "Herpes zoster"},
  {"code": "B05", "description": "Sarampo"},
  {"code": "B06", "description": "Rubéola"},
  {"code": "B15", "description": "Hepatite aguda A"},
  {"code": "B16", "description": "Hepatite aguda B"},
  {"code": "B17", "description": "Outras hepatites virais agudas"},
  {"code": "B18", "description": "Hepatite viral crônica"},
  {"code": "B19", "description": "Hepatite viral não especificada"},
  {"code": "B20", "description": "Doença pelo vírus da imunodeficiência humana [HIV] resultando em doenças infecciosas e parasitárias"},
  {"code": "B21", "description": "Doença pelo vírus da imunodeficiência humana [HIV] resultando em neoplasias malignas"},
  {"code": "B22", "description": "Doença pelo vírus da imunodeficiência humana [HIV] resultando em outras doenças especificadas"},
  {"code": "B23", "description": "Doença pelo vírus da imunodeficiência humana [HIV] resultando em outras afecções"},
  {"code": "B24", "description": "Doença pelo vírus da imunodeficiência humana [HIV] não especificada"},
  {"code": "B26", "description": "Caxumba [parotidite epidêmica]"},
  {"code": "B35", "description": "Dermatofitose"},
  {"code": "B49", "description": "Micose não especificada"},
  {"code": "B50", "description": "Malária por Plasmodium falciparum"},
  {"code": "B51", "description": "Malária por Plasmodium vivax"},
  {"code": "B52", "description": "Malária por Plasmodium malariae"},
  {"code": "B53", "description": "Outras formas de malária confirmadas por exames parasitológicos"},
  {"code": "B54", "description": "Malária não especificada"},
  {"code": "C00", "description": "Neoplasia maligna do lábio"},
  {"code": "C01", "description": "Neoplasia maligna da base da língua"},
  {"code": "C02", "description": "Neoplasia maligna de outras partes e de partes não especificadas da língua"},
  {"code": "C03", "description": "Neoplasia maligna da gengiva"},
  {"code": "C04", "description": "Neoplasia maligna do assoalho da boca"},
  {"code": "C05", "description": "Neoplasia maligna do palato"},
  {"code": "C06", "description": "Neoplasia maligna de outras partes e de partes não especificadas da boca"},
  {"code": "C07", "description": "Neoplasia maligna da glândula parótida"},
  {"code": "C08", "description": "Neoplasia maligna de outras glândulas salivares maiores e as não especificadas"},
  {"code": "C09", "description": "Neoplasia maligna da amígdala"},
  {"code": "C10", "description": "Neoplasia maligna da orofaringe"},
  {"code": "C11", "description": "Neoplasia maligna da nasofaringe"},
  {"code": "C12", "description": "Neoplasia maligna do seio piriforme"},
  {"code": "C13", "description": "Neoplasia maligna da hipofaringe"},
  {"code": "C14", "description": "Neoplasia maligna de outras localizações e de localizações mal definidas do lábio, cavidade oral e faringe"},
  {"code": "C15", "description": "Neoplasia maligna do esôfago"},
  {"code": "C16", "description": "Neoplasia maligna do estômago"},
  {"code": "C17", "description": "Neoplasia maligna do intestino delgado"},
  {"code": "C18", "description": "Neoplasia maligna do cólon"},
  {"code": "C19", "description": "Neoplasia maligna da junção retossigmóide"},
  {"code": "C20", "description": "Neoplasia maligna do reto"},
  {"code": "C21", "description": "Neoplasia maligna do ânus e do canal anal"},
  {"code": "C22", "description": "Neoplasia maligna do fígado e das vias biliares intra-hepáticas"},
  {"code": "C23", "description": "Neoplasia maligna da vesícula biliar"},
  {"code": "C24", "description": "Neoplasia maligna de outras partes e de partes não especificadas das vias biliares"},
  {"code": "C25", "description": "Neoplasia maligna do pâncreas"},
  {"code": "C26", "description": "Neoplasia maligna de outros órgãos digestivos e de localizações mal definidas no aparelho digestivo"},
  {"code": "C30", "description": "Neoplasia maligna da cavidade nasal e do ouvido médio"},
  {"code": "C31", "description": "Neoplasia maligna dos seios da face"},
  {"code": "C32", "description": "Neoplasia maligna da laringe"},
  {"code": "C33", "description": "Neoplasia maligna da traquéia"},
  {"code": "C34", "description": "Neoplasia maligna dos brônquios e dos pulmões"},
  {"code": "C37", "description": "Neoplasia maligna do timo"},
  {"code": "C38", "description": "Neoplasia maligna do coração, mediastino e pleura"},
  {"code": "C39", "description": "Neoplasia maligna de outras localizações e de localizações mal definidas do aparelho respiratório e dos órgãos intratorácicos"},
  {"code": "C40", "description": "Neoplasia maligna dos ossos e cartilagens articulares dos membros"},
  {"code": "C41", "description": "Neoplasia maligna dos ossos e das cartilagens articulares de outras localizações e de localizações não especificadas"},
  {"code": "C43", "description": "Melanoma maligno da pele"},
  {"code": "C44", "description": "Outras neoplasias malignas da pele"},
  {"code": "C45", "description": "Mesotelioma"},
  {"code": "C46", "description": "Sarcoma de Kaposi"},
  {"code": "C47", "description": "Neoplasia maligna dos nervos periféricos e do sistema nervoso autônomo"},
  {"code": "C48", "description": "Neoplasia maligna dos tecidos moles do retroperitônio e do peritônio"},
  {"code": "C49", "description": "Neoplasia maligna do tecido conjuntivo e de outros tecidos moles"},
  {"code": "C50", "description": "Neoplasia maligna da mama"},
  {"code": "C51", "description": "Neoplasia maligna da vulva"},
  {"code": "C52", "description": "Neoplasia maligna da vagina"},
  {"code": "C53", "description": "Neoplasia maligna do colo do útero"},
  {"code": "C54", "description": "Neoplasia maligna do corpo do útero"},
  {"code": "C55", "description": "Neoplasia maligna do útero, porção não especificada"},
  {"code": "C56", "description": "Neoplasia maligna do ovário"},
  {"code": "C57", "description": "Neoplasia maligna de outros órgãos genitais femininos e dos não especificados"},
  {"code": "C58", "description": "Neoplasia maligna da placenta"},
  {"code": "C60", "description": "Neoplasia maligna do pênis"},
  {"code": "C61", "description": "Neoplasia maligna da próstata"},
  {"code": "C62", "description": "Neoplasia maligna dos testículos"},
  {"code": "C63", "description": "Neoplasia maligna de outros órgãos genitais masculinos e dos não especificados"},
  {"code": "C64", "description": "Neoplasia maligna do rim, exceto pelve renal"},
  {"code": "C65", "description": "Neoplasia maligna da pelve renal"},
  {"code": "C66", "description": "Neoplasia maligna dos ureteres"},
  {"code": "C67", "description": "Neoplasia maligna da bexiga"},
  {"code": "C68", "description": "Neoplasia maligna de outros órgãos urinários e dos não especificados"},
  {"code": "C69", "description": "Neoplasia maligna do olho e anexos"},
  {"code": "C70", "description": "Neoplasia maligna das meninges"},
  {"code": "C71", "description": "Neoplasia maligna do encéfalo"},
  {"code": "C72", "description": "Neoplasia maligna da medula espinhal, dos nervos cranianos e de outras partes do sistema nervoso central"},
  {"code": "C73", "description": "Neoplasia maligna da glândula tireóide"},
  {"code": "C74", "description": "Neoplasia maligna da glândula supra-renal"},
  {"code": "C75", "description": "Neoplasia maligna de outras glândulas endócrinas e de estruturas relacionadas"},
  {"code": "C76", "description": "Neoplasia maligna de outras localizações e de localizações mal definidas"},
  {"code": "C77", "description": "Neoplasia maligna secundária e não especificada dos gânglios linfáticos"},
  {"code": "C78", "description": "Neoplasia maligna secundária dos órgãos respiratórios e digestivos"},
  {"code": "C79", "description": "Neoplasia maligna secundária de outras localizações"},
  {"code": "C80", "description": "Neoplasia maligna de localização não especificada"},
  {"code": "C81", "description": "Doença de Hodgkin"},
  {"code": "C82", "description": "Linfoma não-Hodgkin, folicular"},
  {"code": "C83", "description": "Linfoma não-Hodgkin difuso"},
  {"code": "C84", "description": "Linfoma de células T cutâneas e periféricas"},
  {"code": "C85", "description": "Linfoma não-Hodgkin de outros tipos e de tipo não especificado"},
  {"code": "C88", "description": "Doenças imunoproliferativas malignas"},
  {"code": "C90", "description": "Mieloma múltiplo e neoplasias malignas de plasmócitos"},
  {"code": "C91", "description": "Leucemia linfóide"},
  {"code": "C92", "description": "Leucemia mielóide"},
  {"code": "C93", "description": "Leucemia monocítica"},
  {"code": "C94", "description": "Outras leucemias de tipo celular especificado"},
  {"code": "C95", "description": "Leucemia de tipo celular não especificado"},
  {"code": "C96", "description": "Outras neoplasias malignas e as não especificadas dos tecidos linfático, hematopoético e tecidos relacionados"},
  {"code": "C97", "description": "Neoplasias malignas de localizações múltiplas independentes (primárias)"},
  {"code": "D00", "description": "Carcinoma in situ da cavidade oral, do esôfago e do estômago"},
  {"code": "D01", "description": "Carcinoma in situ de outros órgãos digestivos e dos não especificados"},
  {"code": "D02", "description": "Carcinoma in situ do ouvido médio e do aparelho respiratório"},
  {"code": "D03", "description": "Melanoma in situ"},
  {"code": "D04", "description": "Carcinoma in situ da pele"},
  {"code": "D05", "description": "Carcinoma in situ da mama"},
  {"code": "D06", "description": "Carcinoma in situ do colo do útero"},
  {"code": "D07", "description": "Carcinoma in situ de outros órgãos genitais e dos não especificados"},
  {"code": "D09", "description": "Carcinoma in situ de outras localizações e das não especificadas"},
  {"code": "E10", "description": "Diabetes mellitus insulino-dependente"},
  {"code": "E11", "description": "Diabetes mellitus não-insulino-dependente"},
  {"code": "E12", "description": "Diabetes mellitus relacionado com a desnutrição"},
  {"code": "E13", "description": "Outros tipos especificados de diabetes mellitus"},
  {"code": "E14", "description": "Diabetes mellitus não especificado"},
  {"code": "I10", "description": "Hipertensão essencial"},
  {"code": "I11", "description": "Doença cardíaca hipertensiva"},
  {"code": "I12", "description": "Doença renal hipertensiva"},
  {"code": "I13", "description": "Doença cardíaca e renal hipertensiva"},
  {"code": "I15", "description": "Hipertensão secundária"},
  {"code": "I20", "description": "Angina pectoris"},
  {"code": "I21", "description": "Infarto agudo do miocárdio"},
  {"code": "I22", "description": "Infarto do miocárdio recidivante"},
  {"code": "I23", "description": "Algumas complicações atuais subseqüentes ao infarto agudo do miocárdio"},
  {"code": "I24", "description": "Outras doenças isquêmicas agudas do coração"},
  {"code": "I25", "description": "Doença isquêmica crônica do coração"},
  {"code": "I30", "description": "Pericardite aguda"},
  {"code": "I31", "description": "Outras doenças do pericárdio"},
  {"code": "I32", "description": "Pericardite em doenças classificadas em outra parte"},
  {"code": "I33", "description": "Endocardite aguda e subaguda"},
  {"code": "I34", "description": "Transtornos não-reumáticos da valva mitral"},
  {"code": "I35", "description": "Transtornos não-reumáticos da valva aórtica"},
  {"code": "I36", "description": "Transtornos não-reumáticos da valva tricúspide"},
  {"code": "I37", "description": "Transtornos da valva pulmonar"},
  {"code": "I38", "description": "Endocardite de valva não especificada"},
  {"code": "I39", "description": "Endocardite e transtornos valvulares cardíacos em doenças classificadas em outra parte"},
  {"code": "I40", "description": "Miocardite aguda"},
  {"code": "I41", "description": "Miocardite em doenças classificadas em outra parte"},
  {"code": "I42", "description": "Cardiomiopatia"},
  {"code": "I43", "description": "Cardiomiopatia em doenças classificadas em outra parte"},
  {"code": "I44", "description": "Bloqueio atrioventricular e do ramo esquerdo"},
  {"code": "I45", "description": "Outros transtornos de condução"},
  {"code": "I46", "description": "Parada cardíaca"},
  {"code": "I47", "description": "Taquicardia paroxística"},
  {"code": "I48", "description": "Fibrilação e flutter atrial"},
  {"code": "I49", "description": "Outras arritmias cardíacas"},
  {"code": "I50", "description": "Insuficiência cardíaca"},
  {"code": "J44", "description": "Outras doenças pulmonares obstrutivas crônicas"},
  {"code": "J45", "description": "Asma"},
  {"code": "J46", "description": "Estado de mal asmático"},
  {"code": "K29", "description": "Gastrite e duodenite"},
  {"code": "F32", "description": "Episódios depressivos"},
  {"code": "F41", "description": "Outros transtornos ansiosos"},
  {"code": "F20", "description": "Esquizofrenia"},
  {"code": "G40", "description": "Epilepsia"},
  {"code": "M79", "description": "Outros transtornos dos tecidos moles"},
  {"code": "N18", "description": "Doença renal crônica"},
  {"code": "R50", "description": "Febre não especificada"},
  {"code": "J18", "description": "Pneumonia por organismo não especificado"},
  {"code": "J11", "description": "Influenza devida a vírus não identificado"}
]

