[
  {"code": "A00", "description": "Cólera"},
  {"code": "A01", "description": "Febres tifóide e paratifóide"},
  {"code": "A03", "description": "Shiguelose"},
  {"code": "A06", "description": "Amebíase"},
  {"code": "A09", "description": "Diarréia e gastroenterite de origem infecciosa presumível"},
  {"code": "A15", "description": "Tuberculose respiratória"},
  {"code": "A15.0", "description": "Tuberculose pulmonar"},
  {"code": "A16", "description": "Tuberculose respiratória"},
  {"code": "A17", "description": "Tuberculose do sistema nervoso"},
  {"code": "A18", "description": "Tuberculose de outros órgãos"},
  {"code": "A19", "description": "Tuberculose miliar"},
  {"code": "A20", "description": "Peste"},
  {"code": "A23", "description": "Brucelose"},
  {"code": "A30", "description": "Hanseníase [lepra]"},
  {"code": "A33", "description": "Tétano neonatal"},
  {"code": "A34", "description": "Tétano obstétrico"},
  {"code": "A35", "description": "Outros tétanos"},
  {"code": "A36", "description": "Difteria"},
  {"code": "A37", "description": "Coqueluche"},
  {"code": "A39", "description": "Infecção meningocócica"},
  {"code": "A40", "description": "Septicemia estreptocócica"},
  {"code": "A41", "description": "Outras septicemias"},
  {"code": "A50", "description": "Sífilis congênita"},
  {"code": "A51", "description": "Sífilis precoce"},
  {"code": "A52", "description": "Sífilis tardia"},
  {"code": "A53", "description": "Outras formas de sífilis"},
  {"code": "A54", "description": "Infecção gonocócica"},
  {"code": "A55", "description": "Linfogranuloma venéreo"},
  {"code": "A56", "description": "Outras infecções clamídias transmitidas por via sexual"},
  {"code": "A57", "description": "Cancro mole"},
  {"code": "A64", "description": "Doença sexualmente transmitida não especificada"},
  {"code": "A68", "description": "Febres recorrentes"},
  {"code": "A71", "description": "Tracoma"},
  {"code": "A75", "description": "Tifo exantemático"},
  {"code": "A80", "description": "Poliomielite aguda"},
  {"code": "A82", "description": "Raiva"},
  {"code": "A83", "description": "Encefalite viral transmitida por mosquitos"},
  {"code": "A86", "description": "Encefalite viral não especificada"},
  {"code": "A90", "description": "Dengue [dengue clássico]"},
  {"code": "A91", "description": "Febre hemorrágica devida ao vírus da dengue"},
  {"code": "A95", "description": "Febre amarela"},
  {"code": "B00", "description": "Infecções pelo vírus do herpes"},
  {"code": "B01", "description": "Varicela"},
  {"code": "B02", "description": "Herpes zoster"},
  {"code": "B05", "description": "Sarampo"},
  {"code": "B06", "description": "Rubéola"},
  {"code": "B15", "description": "Hepatite aguda A"},
  {"code": "B16", "description": "Hepatite aguda B"},
  {"code": "B17", "description": "Outras hepatites virais agudas"},